,student_id,content,wording
0,000e8c3c7ddb,-0.12276907,0.037876166
